;;"Проект ""Многоквартирный жилой дом по ул. Седова в г. Иркутске""";;;;;;;;;;;;;;;
;;Исполнение графика тендеров (закупка услуг);;;;;;;;;;;;;;;
;;отчетная дата:;;;31.05.2026;;;;;;;;;;;;
;ID Код;Этап работ;ГПР;Отставание;Начало тендера;;;Дата заключения договора;;;Стоимость (руб.);;;Контрагент;Договор;Статус;Комментарий к отклонениям
№ статей;;;;;План;Факт;Откл.;План;Факт;Откл.;План;Факт;Откл.;;;;
;;;;;;;;;;;;;;;;;
;2.04.;Подготовка территории строительства;;;;;;;;;5 357 508,00  ;5 930 054,04  ;572 546,04  ;;;;Доп работы по протяжке 2 линии электроснабжения
1;2.04.01.;Снос зданий и сооружений, вырубка деревьев;;;;;;;;;;;;;;;
2;2.04.03.;Вынос сетей;;;;;;;;;;;;;;;
3;2.04.04.;Устройство площадки строительства, и вр. дороги;;;;;;;20.10.2025;;2 372 030,00  ;863 781,10  ;-1 508 248,90;Зуденков И.Э.ИП ;201575 от 20.10.2025;;
3;2.04.04.;Устройство площадки строительства, и вр. дороги;;;;;;;01.07.2025;;0,00  ;1 526 248,70  ;1 526 248,70;Гуджеджиани Б.Г. ИП ;182135 от 01.07.2025;;
4;2.04.05.;Устройство временных зданий и сооружений;;;;;;;22.12.2025;;1 716 442,00  ;2 190 188,60  ;473 746,60;Колыбелкин Р.В. ИП ;209173 от 22.12.2025;;
5;2.04.06.;Устройство ограждения площадки;;;;;;;18.07.2025;;773 146,00  ;798 145,64  ;24 999,64;Хамидулин Н.В.ИП ;175216 от 18.07.2025;;
6;2.04.07.;Вертикальная планировка;;;;;;;;;;;;;;;
7;2.04.99.;Прочие подготовительные расходы;;;;;;;01.09.2025;;495 890,00  ;551 690,00  ;55 800,00;Михайлов Н.А. ИП ;201874 от 01.09.2025;;
;;Жилой дом;;;;;;;;;;;;;;;
;2.05.;Строительство зданий и сооружений;11.06.2026;11.06.2026;;;;;;;59 238 601,27  ;56 920 753,44  ;-2 317 847,83;;;;
;2.05.01.;Земляные работы;;;;;;;;;14 722 668,03  ;14 872 289,00  ;149 620,97  ;;;;Увеличение объемов работ по отсыпке ПГС
8;2.05.01.1. ;Устройство котлована;;;;;;;15.09.2025;;4 138 492,00  ;1 500 000,00  ;965 608,00;Эльбрус ООО ;198471 от 15.09.2025;;
;;;;;;;;;01.07.2025;;;3 604 100,00  ;;Гуджеджиани Б.Г. ИП ;182135 от 01.07.2025;;
9;2.05.01.2. ;Отсыпка и уплотнение основания фундамента;;;;;;;01.07.2025;;8 057 997,03  ;6 915 506,00  ;-1 142 491,03;Гуджеджиани Б.Г. ИП ;182135 от 01.07.2025;;
10;2.05.01.9. ;Прочие земляные работы;;;;;;;18.09.2025;;2 526 179,00  ;524 520,00  ;326 504,00;Самхарадзе Н.Г. ИП ;196221 от 18.09.2025;;
;;;;;;;;;10.09.2025;;;2 328 163,00  ;;Управление строительной механизации, АО; УСМ/25-17 от 10.09.2025;;
;2.05.02.;Конструкции железобетонные ниже 0.000;;;;;;;;;44 515 933,24  ;42 048 464,44  ;-2 467 468,80  ;;;;
11;2.05.02.2. ;Устройство фундамента;;;;;;;20.10.2025;;30 948 984,00  ;28 481 515,20  ;-2 467 468,80  ;Альтаир ООО;" 198726
от 20.10.2025";;
12;2.05.02.3.; Устройство  цоколя;;;;;;;21.11.2025;;11 140 560,01  ;11 140 560,01  ;0,00  ;КАПИТАЛ-ИНВЕСТ ООО; 218761 от 21.11.2025;;
13;2.05.02.4. ;Гидроизоляция и утепление цоколя и фундамента;;;;;;;05.03.2026;;1 299 486,00  ;1 299 486,00  ;0,00  ;Сихварт М.А. ИП ; 223795 от 05.03.2026;;
14;2.05.02.5. ;Обратная засыпка пазух котлована;;;;;;;05.03.2026;;1 126 903,23  ;1 126 903,23  ;0,00  ;ТС-ЭКСПЛУАТАЦИЯ ООО;223798 от 05.03.2026 ;;
15;2.05.03.;Устройство опалубки;;;;;;;;;;;;;;;
;2.05.04.;Устройство каркаса;;;;;;;;0,00  ;35 318 480,00  ;35 318 480,00  ;0,00  ;;;;
16;2.05.04.2.; Монолитные конструкции;;;;;;;21.11.2025;;35 318 480,00  ;35 318 480,00  ;0,00;КАПИТАЛ-ИНВЕСТ ООО; 218761от 21.11.2025;;
;2.05.05.;Отделка фасада;15.01.2027;15.01.2027;27.10.2026;;;16.12.2026;;;;;;;;;
17;2.05.05.1.;Облицовка стен фасада кирпичом;15.01.2027;15.01.2027;27.10.2026;;;16.12.2026;;;;;;;;;
18;2.05.05.2.;Устройство вентилируемого фасада;15.01.2027;15.01.2027;27.10.2026;;;16.12.2026;;;;;;;;;
19;2.05.05.3.;Подсветка фасада;15.01.2027;15.01.2027;27.10.2026;;;16.12.2026;;;;;;;;;
20;2.05.05.9.;Прочие расходы на фасад;15.01.2027;15.01.2027;27.10.2026;;;16.12.2026;;;;;;;;;
;2.05.06.;Устройство перегородок и вентшахт;11.06.2026;11.06.2026;11.06.2026;;;11.06.2026;;;;;;;;;
21;2.05.06.1.;Устройство кирпичных перегородок и вент.шахт;11.06.2026;11.06.2026;11.06.2026;;;11.06.2026;;;;;;;;;
22;2.05.06.2.;Каркасные перегородки ;01.05.2027;01.05.2027;10.02.2027;;;01.04.2027;;;;;;;;;
23;2.05.07.;Устройство кровли;01.10.2026;31.10.2026;12.08.2026;;;01.10.2026;;;;;;;;;
;2.05.08.;Отделка и оборудование МОП;01.05.2027;01.05.2027;10.02.2027;;;01.04.2027;;;;;;;;;
24;2.05.08.1.;Отделка МОП;01.05.2027;01.05.2027;10.02.2027;;;01.04.2027;;;;;;;;;
25;2.05.08.6.;Устройство интерьерного инвентаря, МАФов МОП;01.10.2027;01.10.2027;13.07.2027;;;01.09.2027;;;;;;;;;
;2.05.09.;Отделка продаваемых объектов;01.05.2027;30.07.2027;11.05.2027;;;30.06.2027;;;;;;;;;
26;2.05.09.1.;Черновая отделка;01.05.2027;30.07.2027;11.05.2027;;;30.06.2027;;;;;;;;;
27;2.05.09.3.;Отделка чистовая;;;;;;;;;;;;;;;
28;2.05.09.4.;Отделка паркинга;;;;;;;;;;;;;;;
;2.05.10.;Оборудование, двери и окна;01.03.2027;11.03.2027;21.12.2026;;;09.02.2027;;;;;;;;;
29;2.05.10.1.;Монтаж оконных блоков;11.03.2027;11.03.2027;21.12.2026;;;09.02.2027;;;;;;;;;
30;2.05.10.2.;Монтаж витражей;01.03.2027;01.03.2027;11.12.2026;;;30.01.2027;;;;;;;;;
31;2.05.10.3.;Установка дверей;01.06.2027;01.06.2027;13.03.2027;;;02.05.2027;;;;;;;;;
32;2.05.10.4.;Монтаж лифтов;01.03.2027;01.03.2027;11.12.2026;;;30.01.2027;;;;;;;;;
33;2.05.10.6.;Монтаж ограждений и конструкций;19.02.2027;19.02.2027;01.12.2026;;;20.01.2027;;;;;;;;;
34;2.05.10.9.;Прочее оборудование дома;;;;;;;;;;;;;;;
;2.05.11.;Инженерные системы дома;01.07.2026;01.07.2026;01.06.2026;;;11.06.2026;;;;;;;;;
35;2.05.11.1.;Электроснабжение;01.07.2026;01.07.2026;01.06.2026;;;11.06.2026;;;;;;;;;
36;2.05.11.2.;Вентиляция;01.07.2026;01.07.2026;01.06.2026;;;11.06.2026;;;;;;;;;
37;2.05.11.3.;Отопление;05.08.2026;05.08.2026;06.07.2026;;;16.07.2026;;;;;;;;;
38;2.05.11.4.;Тепловой пункт;01.09.2026;01.09.2026;13.06.2026;;;12.08.2026;;;;;;;;;
39;2.05.11.5.;Водоснабжение и канализация;01.07.2026;01.07.2026;01.06.2026;;;11.06.2026;;;;;;;;;
40;2.05.11.9.;Прочие инженерные системы;01.07.2026;01.07.2026;01.06.2026;;;11.06.2026;;;;;;;;;
;2.05.12.;Слаботочные сети;01.07.2026;01.07.2026;01.06.2026;;;11.06.2026;;;;;;;;;
41;2.05.12.1.;Пожарная сигнализация;01.07.2026;01.07.2026;01.06.2026;;;11.06.2026;;;;;;;;;
42;2.05.12.2.;Системы связи, радио и ТВ;01.07.2026;01.07.2026;01.06.2026;;;11.06.2026;;;;;;;;;
43;2.05.12.4.;Система экстренной связи и диспетчеризации лифтов;01.07.2026;01.07.2026;01.06.2026;;;11.06.2026;;;;;;;;;
44;2.05.12.5.;АСКУЭ;01.07.2026;01.07.2026;01.06.2026;;;11.06.2026;;;;;;;;;
45;2.05.12.6.;Система охранного телевидения (видеонаблюдение);01.07.2026;01.07.2026;01.06.2026;;;11.06.2026;;;;;;;;;
46;2.05.12.7.;Домофония и система контроля доступа;01.07.2026;01.07.2026;01.06.2026;;;11.06.2026;;;;;;;;;
47;2.05.99.;Прочие расходы зданий;;;;;;;;;;;;;;;
;;Встроенно-пристроенная подземная автостоянка;;;;;;;;;;;;;;;
;2.05.;Строительство зданий и сооружений;;;;;;;;;23 690 831,30  ;22 831 371,30  ;-859 460,00;;;;
;2.05.01.;Земляные работы;;;;;;;;;1 944 417,00  ;1 084 957,00  ;-859 460,00  ;;;;
48;2.05.01.1.;Устройство котлована;;;;;;;01.07.2025;;1 944 417,00  ;1 084 957,00  ;-859 460,00;Эльбрус ООО ;198471 от 15.09.2025;;
49;2.05.01.2.;Отсыпка и уплотнение основания фундамента;;;;;;;;;;;;;;;
50;2.05.01.9.;Прочие земляные работы (срубка свай);;;;;;;;;;;;;;;
;2.05.02.;Конструкции железобетонные ниже 0.000;;;;;;;;;21 746 414,30  ;21 746 414,30  ;0,00  ;;;;
51;2.05.02.1.;Устройство свайного основания;;;;;;;;;;;;;;;
52;2.05.02.2.;Устройство фундамента;;;;;;;21.11.2025;;4 868 760,00  ;4 868 760,00  ;0,00;КАПИТАЛ-ИНВЕСТ ООО; 218761 от 21.11.2025;;
53;2.05.02.3.;Устройство цоколя;;;;;;;21.11.2025;;14 364 240,00  ;14 364 240,00  ;0,00;КАПИТАЛ-ИНВЕСТ ООО; 218761 от 21.11.2025;;
54;2.05.02.4.;Гироизоляция и утепление цоколя и фундамента;;;;;;;05.03.2026;;1 854 320,00  ;1 854 320,00  ;0,00;Сихварт М.А. ИП ; 223795 от 05.03.2026;;
55;2.05.02.5.;Обратная засыпка боковых пазух котлована;;;;;;;46 086,00  ;;389 094,30  ;389 094,30  ;0,00  ;ТС-ЭКСПЛУАТАЦИЯ ООО;223798 от 05.03.2026;;
56;2.05.02.9.;Прочие расходы на КЖ ниже 0;;;;;;;45 982,00  ;;270 000,00  ;270 000,00  ;0,00  ;КАПИТАЛ-ИНВЕСТ ООО;218761 от 21.11.2025;;
57;2.05.03.;Устройство опалубки;;;;;;;;;;;;;;;
;2.05.04.;Устройство каркаса;;;;;;;;;;;;;;;
58;2.05.04.2.;Монолитные конструкции;;;;;;;;;;;;;;;
59;2.05.04.3.;Прогрев бетона;;;;;;;;;;;;;;;
60;2.05.04.4.;Отверстия и проемы в каркасе;;;;;;;;;;;;;;;
61;2.05.04.9.;Прочие расходы на каркас;;;;;;;;;;;;;;;
;2.05.05.;Отделка фасада;01.08.2027;01.08.2027;13.05.2027;;;02.07.2027;;;;;;;;;
62;2.05.05.1.;Облицовка стен фасада кирпичом;;;;;;;;;;;;;;;
63;2.05.05.2.;Устройство вентилируемого фасада;01.08.2027;01.08.2027;13.05.2027;;;02.07.2027;;;;;;;;;
64;2.05.05.3.;Подсветка фасада;01.08.2027;01.08.2027;13.05.2027;;;02.07.2027;;;;;;;;;
65;2.05.05.4.;Устройство штукатурного фасада;;;;;;;;;;;;;;;
66;2.05.05.9.;Прочие расходы на фасад;01.08.2027;01.08.2027;13.05.2027;;;02.07.2027;;;;;;;;;
;2.05.06.;Устройство перегородок и вентшахт;;;;;;;;;;;;;;;
67;2.05.06.1.;Устройство кирпичных перегородок и вент.шахт;;;;;;;;;;;;;;;
68;2.05.06.2.;Каркасные перегородки;;;;;;;;;;;;;;;
69;2.05.06.9.;Прочие расходы на перегородки и шахты;;;;;;;;;;;;;;;
70;2.05.07.;Устройство кровли;15.06.2026;15.06.2026;15.06.2026;;;15.06.2026;;;;;;;;;
;2.05.08.;Отделка и оборудование МОП;;;;;;;;;;;;;;;
71;2.05.08.1.;Отделка МОП;;;;;;;;;;;;;;;
72;2.05.08.6.;Устройство интерьерного инвентаря, МАФов МОП;;;;;;;;;;;;;;;
73;2.05.08.9.;Прочие расходы на отделку МОП;;;;;;;;;;;;;;;
;2.05.09.;Отделка продаваемых объектов;01.06.2027;01.06.2027;13.03.2027;;;02.05.2027;;;;;;;;;
74;2.05.09.1.;Черновая отделка;;;;;;;;;;;;;;;
75;2.05.09.2.;Отделка White box;;;;;;;;;;;;;;;
76;2.05.09.3.;Отделка чистовая;;;;;;;;;;;;;;;
77;2.05.09.4.;Отделка паркинга;01.06.2027;01.06.2027;13.03.2027;;;02.05.2027;;;;;;;;;
78;2.05.09.5.;Мебель,оборудование и инвентарь;;;;;;;;;;;;;;;
79;2.05.09.9.;Прочие расходы на отделку объектов;;;;;;;;;;;;;;;
;2.05.10.;Оборудование, двери и окна;01.09.2027;01.09.2027;13.06.2027;;;02.08.2027;;;;;;;;;
80;2.05.10.1.;Монтаж оконных блоков;;;;;;;;;;;;;;;
81;2.05.10.2.;Монтаж витражей;;;;;;;;;;;;;;;
82;2.05.10.3.;Установка дверей;01.09.2027;01.09.2027;13.06.2027;;;02.08.2027;;;;;;;;;
83;2.05.10.4.;Монтаж лифтов;;;;;;;;;;;;;;;
84;2.05.10.5.;Монтаж подъемников для МГН;;;;;;;;;;;;;;;
85;2.05.10.6.;Монтаж ограждений и конструкций;;;;;;;;;;;;;;;
86;2.05.10.9.;Прочее оборудование дома;;;;;;;;;;;;;;;
;2.05.11.;Инженерные системы дома;01.08.2026;01.08.2026;13.05.2026;;;02.07.2026;;;;;;;;;
87;2.05.11.1.;Электроснабжение;01.08.2026;01.08.2026;13.05.2026;;;02.07.2026;;;;;;;;;
88;2.05.11.2.;Вентиляция;01.08.2026;01.08.2026;13.05.2026;;;02.07.2026;;;;;;;;;
89;2.05.11.3.;Отопление;;;;;;;;;;;;;;;
90;2.05.11.4.;Тепловой пункт;;;;;;;;;;;;;;;
91;2.05.11.5.;Водоснабжение и канализация;;;;;;;;;;;;;;;
92;2.05.11.6.;Насосная станция;;;;;;;;;;;;;;;
93;2.05.11.8.;Автоматическая установка пожаротушения (АУПТ);01.08.2026;01.08.2026;13.05.2026;;;02.07.2026;;;;;;;;;
94;2.05.11.9.;Прочие инженерные системы;;;;;;;;;;;;;;;
;2.05.12.;Слаботочные сети;01.08.2026;01.08.2026;13.05.2026;;;02.07.2026;;;;;;;;;
95;2.05.12.1.;Пожарная сигнализация;01.08.2026;01.08.2026;13.05.2026;;;02.07.2026;;;;;;;;;
96;2.05.12.2.;Системы связи, радио и ТВ;01.08.2026;01.08.2026;13.05.2026;;;02.07.2026;;;;;;;;;
97;2.05.12.4.;Система экстренной связи и диспетчеризации лифтов;01.08.2026;01.08.2026;13.05.2026;;;02.07.2026;;;;;;;;;
98;2.05.12.5.;АСКУЭ;01.08.2026;01.08.2026;13.05.2026;;;02.07.2026;;;;;;;;;
99;2.05.12.6.;Система охранного телевидения (видеонаблюдение);01.08.2026;01.08.2026;13.05.2026;;;02.07.2026;;;;;;;;;
100;2.05.12.7.;Домофония и система контроля доступа;01.08.2026;01.08.2026;13.05.2026;;;02.07.2026;;;;;;;;;
101;2.05.12.9.;Прочие расходы на слаботочные сети;01.08.2026;01.08.2026;13.05.2026;;;02.07.2026;;;;;;;;;
102;2.05.99.;Прочие расходы зданий;;;;;;;;;;;;;;;
;2.06.;Устройство сетей;05.09.2025;05.09.2025;;;;;;-24,00  ;;10 861 930,71  ;0,00  ;;;;
103;2.06.01.;Тепловые сети;05.09.2025;05.09.2025;17.06.2025;;;05.09.2025;05.09.2025;;8 409 980,70  ;8 409 980,70  ;0,00;РЕМОНТ ЭНЕРГОРЕСУРС ООО;190092 от 05.09.2025;;
104;2.06.02.;Сети водопровода и канализации;01.05.2026;01.05.2026;10.02.2026;;;01.04.2026;20.03.2026;-12;1 728 000,00  ;1 728 000,00  ;0,00;Юрьев А.А. ИП ;226357 от 20.03.2026;;
105;2.06.03.;Электрические сети;01.08.2026;01.08.2026;13.05.2026;;;02.07.2026;;;;;;;;;
106;2.06.04.;Наружное освещение;01.07.2027;01.07.2027;12.04.2027;;;01.06.2027;;;;;;;;;
107;2.06.05.;Трансформаторная подстанция;01.08.2026;01.08.2026;13.05.2026;;;02.07.2026;;;;;;;;;
108;2.06.06.;Ливневая канализация;01.05.2026;01.05.2026;10.02.2026;;;01.04.2026;20.03.2026;-12;723 950,01  ;723 950,01  ;0,00;Юрьев А.А. ИП ;226357 от 20.03.2026;;
109;2.06.99.;Прочие расходы на сети (Дренаж);;;;;;;;;;;;;;;
;2.07.;Благоустройство;15.09.2026;15.09.2026;27.06.2026;;;16.08.2026;;0,00  ;41 972 615,00  ;330 000,00  ;;;;;
110;2.07.01.;Планировка площадки с вертикальной планировкой;01.07.2027;01.07.2027;12.04.2027;;;01.06.2027;;;41 972 615,00  ;;;;;;
111;2.07.02.;Устройство тротуаров и проездов из асфальта;01.07.2027;01.07.2027;12.04.2027;;;01.06.2027;;;;;;;;;
112;2.07.03.;Устройство покрытий из насыпных материалов (кроме чернозема);01.07.2027;01.07.2027;12.04.2027;;;01.06.2027;;;;;;;;;
113;2.07.04.;Устройство резинопола и пр. покрытий;01.07.2027;01.07.2027;12.04.2027;;;01.06.2027;;;;;;;;;
114;2.07.05.;Устройство газона и озеленение;01.07.2027;01.07.2027;12.04.2027;;;01.06.2027;;;;;;;;;
115;2.07.06.;Устройство МАФов;01.07.2027;01.07.2027;12.04.2027;;;01.06.2027;;;;;;;;;
116;2.07.07.;Устройство подпорных стенок;15.09.2026;15.09.2026;27.06.2026;;;16.08.2026;;;;;;;;;
117;2.07.08.;Освещение;01.07.2027;01.07.2027;12.04.2027;;;01.06.2027;;;;;;;;;
118;2.07.02.;Восстановление дорожного покрытия после устройства 1го этапа ТС;;;;;;;15.05.2026;;;330 000,00  ;;Аракелян К.Л. ИП ;238085 от 15.05.2026;;
