;"Проект ""Многоквартирный жилой дом по ул. Седова в г. Иркутске""";;;;;;;;;;;;;;;;;;;;;;;;;;
;Исполнение графика закупок по крупным позициям ТМЦ;;;;;;;;;;;;;;;;;;;;;;;;;;
;;отчетная дата:;30.06.2026;;;;;;;;;;;;;;;;;;;;;;;;
№ п/п;ID Код;Этап работ;Наименование ТМЦ;Дата начала по ГПР;Срок подачи заказа до начала работ;Дата подачи заявки (полного технического задания);;;За сколько должен быть заключен договор;Дата заключения договора;;;Дата поставки;;;Дата заключения договора;;;Ед. изм.;Объем поставки;;;Поставщик;Договор;Статус;Комментарий к отклонениям;
;;;;План;кол-во дней (план);План;Факт;Откл.;кол-во дней (план);План;Факт;Откл.;План;Факт;Откл.;План;Факт;Откл.;;План;Факт;Откл.;;;;;
;;;;;;;;;;;;;;;;;;;;;;;;;;;
;2.04.;Подготовка территории строительства;;01.07.2025;;;;;;;;;;;;;;;;;;;;;;;
;2.04.01.;Снос зданий и сооружений, вырубка деревьев;;;;;;;;;;;;;;;;;;;;;;;;;
;2.04.03.;Вынос сетей;;;;;;;;;;;;;;;;;;;;;;;;;
;2.04.04.;Устройство площадки строительства, и вр. дороги;;01.07.2025;;;;;;;;;;;;;;;;;;;;;;;
;2.04.05.;Устройство временных зданий и сооружений;;22.09.2025;;;;;;;;;;;;;;;;;;;;;;;
;2.04.06.;Устройство ограждения площадки;;02.07.2025;;;;;;;;;;;;;;;;;;;;;;;
;2.04.07.;Вертикальная планировка;;;;;;;;;;;;;;;;;;;;;;;;;
;2.04.99.;Прочие подготовительные расходы;;01.09.2025;;;;;;;;;;;;;;;;;;;;;;;
;;Жилой дом;;;;;;;;;;;;;-46 362  ;;;;;;;-5293,47;;;;;
;2.05.;Строительство зданий и сооружений;;17.09.2025;;;;;;;;-371,00  ;;;-46 362,00  ;;;-402,00  ;;;;-5 293,47  ;;;;;
;2.05.01.;Земляные работы;;17.09.2025;;;;;;;;-371;;;-6  ;;;-18;;;;-0,78;;;;;
1;2.05.01.1.;Устройство котлована;;25.09.2025;;;;;;;;;;;;;;;;;;;;;;;
2;2.05.01.2.;Отсыпка и уплотнение основания фундамента;ПГС;09.10.2025;30;09.09.2025;;;15;24.09.2025;01.10.2025;7;09.10.2025;04.10.2025;-5  ;19.10.2025;01.10.2025;-18;т;5787,84;5787,06;-0,78;Нептун ООО;031-25 от 19.09.2025 ;поставлено;;
3;2.05.01.9.;Прочие земляные работы;Сваи С80.35-13.1.у;17.09.2025;60;19.07.2025;;;30;18.08.2025;05.08.2024;-378;17.09.2025;16.09.2025;-1  ;05.08.2024;05.08.2024;0;шт;47,00;47,00;0,00;ЖБИ Сигма ООО;124338;поставлено;;
;2.05.02.;Конструкции железобетонные ниже 0.000;;22.10.2025;;;;;;;;;;;67  ;;;-353;;;;-551,45  ;;;;;
4;2.05.02.1.;Устройство свайного основания;;;;;;;;;;0;;;0  ;;;0;;;;;;;;;
5;2.05.02.2.;Устройство фундамента;;22.10.2025;;;;;;;;0;;;-13  ;;;-389;;;;-2 086,98  ;;;;;
;-;Устройство фундамента;Арматура;22.10.2025;60;23.08.2025;;;30;22.09.2025;08.10.2025;16;22.10.2025;09.10.2025;-13  ;08.10.2025;;0;кг;69 557,00;67 541,00;-2016,00;Темерсо АО;191660 от 15.09.2025;поставлено;;
;-;Устройство фундамента;Бетон Б 7,5;22.10.2025;;;;;30;22.09.2025;19.09.2025;-3;22.10.2025;22.10.2025;0  ;;;;м3;78,78;61,00;-18;Нептун ООО;031-25 от 19.09.2025 ;поставлено;;
;-;Устройство фундамента;Бетон Б 12,5;22.10.2025;;;;;30;22.09.2025;19.09.2025;-3;11.04.2026;11.04.2026;0  ;;;;м3;20,00;20,00;0;Нептун ООО;031-25 от 19.09.2025 ;поставлено;;
;-;Устройство фундамента;Бетон Б 25;22.10.2025;;;;;30;22.09.2025;19.09.2025;-3;11.11.2025;11.11.2025;0  ;;;;м3;671,2;618;-53;Нептун ООО;031-25 от 19.09.2025 ;поставлено;;
;-;Устройство фундамента;Бетон Б 25;22.10.2025;;;;;30;;;0;27.10.2025;27.10.2025;0  ;;;;м3;50;50;0;Нептун ООО;031-25 от 19.09.2025 ;поставлено;;
6;2.05.02.3.;Устройство цоколя;;05.11.2025;;;;;;;;0;;;26  ;;;36;;;;2381;;;;;
;-;Устройство  цоколя / Устройство  стен цоколя на отм. -7,100;Арматура;05.11.2025;60;06.09.2025;;;30;06.10.2025;06.11.2025;31;05.11.2025;07.11.2025;2  ;05.11.2025;06.11.2025;1;кг;36 463,17;37 069,00;605,83;Темерсо АО;191660 от 15.09.2025;поставлено;;
;-;Устройство  цоколя / Устройство плиты покрытия на отм.-3,800;Арматура;05.11.2025;60;06.09.2025;;;30;06.10.2025;02.12.2025;57;19.11.2025;08.12.2025;19  ;19.11.2025;02.12.2025;13;кг;17 306,50;18 038,00;731,50;Темерсо АО;191660 от 15.09.2025;поставлено;;
;-; Устройство  цоколя / Устройство стен цоколя на отм. -3,800;Арматура;05.11.2025;60;06.09.2025;;;30;06.10.2025;10.12.2025;65;12.01.2026;23.12.2025;-20  ;10.12.2025;10.12.2025;0;кг;44 098,00;44 216,55;118,55;Темерсо АО;191660 от 15.09.2025;поставлено;;
;-;Устройство  цоколя / Устройство плиты покрытия на отм. -0,000;Арматура;05.11.2025;60;06.09.2025;;;30;06.10.2025;27.02.2026;144;05.02.2026;02.03.2026;25  ;05.02.2026;27.02.2026;22;кг;13 850,00;14 779,45;929,45;Темерсо АО;191660 от 15.09.2025;поставлено;;
;-;Устройство цоколя / Стены -7,100;Бетон Б25;05.11.2025;;;;;;;;0;24.11.2025;24.11.2025;0  ;;;;м3;54,91;50,00;-4,91;Нептун ООО;031-25 от 19.09.2025 ;поставлено;;
;-;Устройство цоколя / Стены -7,100;Бетон Б25;05.11.2025;;;;;;;;0;05.12.2025;05.12.2025;0  ;;;;м3;44,00;44,00;0,00;Нептун ООО;031-25 от 19.09.2025 ;поставлено;;
;-;Устройство цоколя / Стены -7,100;Бетон Б25;05.11.2025;;;;;;;;0;06.12.2025;06.12.2025;0  ;;;;м3;34,00;34,00;0,00;Нептун ООО;031-25 от 19.09.2025 ;поставлено;;
;-;Устройство цоколя / Стены -7,100;Бетон Б25;05.11.2025;;;;;;;;0;13.12.2025;13.12.2025;0  ;;;;м3;67,00;67,00;0,00;Нептун ООО;031-25 от 19.09.2025 ;поставлено;;
;-;Устройство цоколя / Стены -7,100;Бетон Б25;05.11.2025;;;;;;;;0;16.12.2025;16.12.2025;0  ;;;;м3;57,50;57,50;0,00;Нептун ООО;031-25 от 19.09.2025 ;поставлено;;
;-;Устройство цоколя / Плита -3,800;Бетон Б25;05.11.2025;;;;;;;;0;18.12.2025;18.12.2025;0  ;;;;м3;60,70;57,50;-3,20;Нептун ООО;031-25 от 19.09.2025 ;поставлено;;
;-;Устройство цоколя / Плита -3,800;Бетон Б25;05.11.2025;;;;;;;;0;27.12.2025;27.12.2025;0  ;;;;м3;73,50;73,50;0,00;Нептун ООО;031-25 от 19.09.2025 ;поставлено;;
;-;Устройство цоколя / Плита -4,210;Бетон Б25;05.11.2025;;;;;;;;0;10.03.2026;10.03.2026;0  ;;;;м3;17,00;17,00;0,00;Нептун ООО;031-25 от 19.09.2025 ;поставлено;Второй свет;
;-;Устройство цоколя / Стены -3,800;Бетон Б25;05.11.2025;;;;;;;;0;11.02.2026;11.02.2026;0  ;;;;м3;88,76;97,00;8,24;Нептун ООО;031-25 от 19.09.2025 ;поставлено;;
;-;Устройство цоколя / Стены -3,800;Бетон Б30;05.11.2025;;;;;;;;0;05.03.2026;05.03.2026;0  ;;;;м3;109,00;109,00;0,00;Нептун ООО;031-25 от 19.09.2025 ;поставлено;Марка вне плана, по решению рук объекта во избежания промерзания;
;-;Устройство цоколя / Стены -3,800;Бетон Б25;05.11.2025;;;;;;;;0;24.03.2026;24.03.2026;0  ;;;;м3;110,00;110,00;0,00;Нептун ООО;031-25 от 19.09.2025 ;поставлено;;
;-;Устройство цоколя / Плита 0,000;Бетон Б25;05.11.2025;;;;;;;;0;14.03.2026;14.03.2026;0  ;;;;м3;84,29;80,00;-4,29;Нептун ООО;031-25 от 19.09.2025 ;поставлено;;
;-;Устройство цоколя / Плита 0,000;Бетон Б25;05.11.2025;;;;;;;;0;09.04.2026;09.04.2026;0  ;;;;м3;83,00;83,00;0,00;Нептун ООО;031-25 от 19.09.2025 ;поставлено;;
7;2.05.02.4.;Гидроизоляция и утепление цоколя и фундамента;;10.02.2026;;;;;;;;0;;;54  ;;;0;;;;-845,63;;;;;
;-;Гидроизоляция и утепление цоколя и фундамента;Экструдированный пенополистирол CARBON SOLID 500 t=100 мм;10.02.2026;90;12.11.2025;;;60;12.12.2025;01.09.2025;-102;01.03.2026;15.04.2026;45  ;01.09.2025;01.09.2025;0;м3;46,00;50,37;4,37;МСВ ООО ;" 191145
от 01.09.2025";поставлено;16.03.2026 г. Объем 50,372 м3 - 50 мм;
;-;Гидроизоляция и утепление цоколя и фундамента;Оклеечная гидроизоляция первый слой без посыпки (ЭПП) 4 мм;10.02.2026;90;12.11.2025;;;60;12.12.2025;01.09.2025;-102;19.11.2025;21.11.2025;2  ;01.09.2025;01.09.2025;0;м2;1 000,00;150,00;-850,00;МСВ ООО ;191145 от 01.09.2025;поставлено;;
;-;Гидроизоляция и утепление цоколя и фундамента;Оклеечная гидроизоляция первый слой без посыпки (ЭПП) 4 мм;10.02.2026;90;12.11.2025;;;60;12.12.2025;01.09.2025;-102;01.04.2026;07.04.2026;6  ;01.09.2025;01.09.2025;0;м2;700,00;700,00;0,00;ТД ТехноЛидер;"191011
от 01.09.2025 ";поставлено;;
;-;Гидроизоляция и утепление цоколя и фундамента;Оклеечная гидроизоляция первый слой без посыпки (ЭПП) 4 мм;10.02.2026;90;12.11.2025;;;60;12.12.2025;01.09.2025;-102;01.04.2026;02.04.2026;1  ;01.09.2025;01.09.2025;0;м2;760,00;760,00;0,00; ТехПром ООО;190972 от 01.09.2025;поставлено;;
8;2.05.02.5.;Обратная засыпка боковых пазух котлована;;10.02.2026;;;;;;;;0;;;0  ;;;0;;;;0,00;;;;;
9;2.05.02.9.;Прочие расходы на КЖ ниже 0;;22.10.2025;;;;;;;;0;;;0  ;;;0;;;;0,00;;;;;
;2.05.03.;Устройство опалубки;;22.10.2025;;;;;;;;;;;10  ;;;0;;;;-1;;;;;
;-;Устройство опалубки;Фанера ламинированная 1220*2440*18мм сорт 1/1;22.10.2025;60;23.08.2025;;;30;22.09.2025;29.10.2025;37;30.10.2025;31.10.2025;1  ;29.10.2025;29.10.2025;0;лист;254,00;254,00;0,00;ИП Лиходиевская ;595-п/09-2025 от 17.09.2025;поставлено;;
;-;Устройство опалубки;Брусок 50*100*6000;22.10.2025;закуп зима-весна, летом отсутсвует;22.09.2025;;;30;22.09.2025;09.10.2025;17;31.03.2026;31.03.2026;0  ;09.10.2025;09.10.2025;0;м3;21,10;19,98;-1,12;Кочкурова Анна Юрьевна ИП;по счетам, спец-м№ 193349 ;поставлено;;
;-;Устройство опалубки;Доска обрезная 40*150*6000;22.10.2025;зима-весна, летом отсутсвует;22.09.2025;;;30;22.09.2025;09.10.2025;17;31.03.2026;31.03.2026;0  ;09.10.2025;09.10.2025;0;м3;15,00;14,98;-0,02;Кочкурова Анна Юрьевна ИП;по счетам, спец-м№ 193349 ;поставлено;;
;-;Устройство опалубки;Фанера ламинированная 1220*2440*18мм сорт 1/1;22.10.2025;60;23.08.2025;;;30;22.09.2025;01.10.2025;9;22.10.2025;31.10.2025;9  ;01.10.2025;01.10.2025;0;лист;62,00;62,00;0,00;"Альянс ООО
ИП Лиходиевская Татьяна Викторовна"; 595-п-09-2025, 190966 от 01.09.2025 г.    ;поставлено;;
;2.05.04.;Устройство каркаса;;25.03.2026;;;;;;;;;;;-46 261  ;;;-16;;;;0;;;;;
;2.05.04.2.;Монолитные конструкции;;25.03.2026;;;;;;;;;;;-46 261,00;;;-16;;;;;;;;;
;?;Монолитные конструкции 1 этаж;Арматура;25.03.2026;60;24.01.2026;;;30;23.02.2026;16.03.2026;21;25.03.2026;17.03.2026;-8,00;16.03.2026;16.03.2026;0;кг;52 252,00;53 217,00;965,00;Темерсо АО;191660 от 15.09.2025;поставлено;;
;?;Монолитные конструкции 1 этаж;Бетон, Б25;25.03.2026;;;;;;;;;03.04.2026;03.04.2026;0  ;;;;м3;46,76;50,00;3,24;Нептун ООО;031-25 от 19.09.2025 ;Частично поставлен;;
;?;Монолитные конструкции 1 этаж;Бетон, Б25;25.03.2026;;;;;;;;;21.04.2026;21.04.2026;0  ;;;;м3;54,00;54,00;0,00;Нептун ООО;031-25 от 19.09.2025 ;поставлено;;
;?;Монолитные конструкции 1 этаж;Бетон, Б25;25.03.2026;;;;;;;;;08.05.2026;08.05.2026;0  ;;;;м3;50,00;50,00;0,00;Нептун ООО;031-25 от 19.09.2025 ;поставлено;;
;?;Монолитные конструкции 1 этаж;Бетон, Б25;25.03.2026;;;;;;;;;14.05.2026;14.05.2026;0  ;;;;м3;65,00;65,00;0,00;Нептун ООО;031-25 от 19.09.2025 ;поставлено;;
;?;Монолитные конструкции 1 этаж;Бетон, Б25;25.03.2026;;;;;;;;;23.05.2026;23.05.2026;0  ;;;;м3;56,00;56,00;0,00;Нептун ООО;031-25 от 19.09.2025 ;поставлено;;
;?;Монолитные конструкции 1 этаж;Бетон, Б25;25.03.2026;;;;;;;;;01.06.2026;01.06.2026;0  ;;;;м3;103,00;103,00;0,00;Нептун ООО;031-25 от 19.09.2025 ;поставлено;;
;?;Монолитные конструкции 2 этаж;Арматура;20.05.2026;60;21.03.2026;;;30;20.04.2026;05.05.2026;15;20.05.2026;06.05.2026;-14,00;05.05.2026;05.05.2026;0;кг;31 779,00;31 495,00;-284,00;Темерсо АО;191660 от 15.09.2025;поставлено;;
;?;Монолитные конструкции 2 этаж;Бетон, Б25;;;;;;;;;;02.06.2026;02.06.2026;0  ;;;;м3;56,85;57,00;0,15;Нептун ООО;031-25 от 19.09.2025 ;Частично поставлен;;
;?;Монолитные конструкции 2 этаж;Бетон, Б25;;;;;;;;;;16.06.2026;16.06.2026;0  ;;;;м3;87,50;87,50;0,00;Нептун ООО;031-25 от 19.09.2025 ;поставлено;;
;?;Монолитные конструкции 2 этаж;Бетон, Б25;;;;;;;;;;19.06.2026;19.06.2026;0  ;;;;м3;25,00;25,00;0,00;Нептун ООО;031-25 от 19.09.2025 ;поставлено;;
;?;Монолитные конструкции 2 этаж;Бетон, Б25;;;;;;;;;;22.06.2026;22.06.2026;0  ;;;;м3;98,50;98,50;0,00;Нептун ООО;031-25 от 19.09.2025 ;поставлено;;
;?;Монолитные конструкции 2 этаж;Бетон, Б25;;;;;;;;;;26.06.2026;26.06.2026;0  ;;;;м3;65,00;65,00;0,00;Нептун ООО;031-25 от 19.09.2025 ;поставлено;;
;?;Монолитные конструкции 3 этаж;Арматура;12.06.2026;60;13.04.2026;;;30;13.05.2026;09.06.2026;27;12.06.2026;11.06.2026;-1,00;09.06.2026;09.06.2026;0;кг;30 352,40;30 352,40;0,00;Темерсо АО;191660 от 15.09.2025;поставлено;;
;?;Монолитные конструкции 3 этаж;Бетон, Б25;;;;;;;;;;29.06.2026;29.06.2026;0  ;;;;м3;318,69;83,50;-235,19;Нептун ООО;031-25 от 19.09.2025 ;Частично поставлен;;
;?;Монолитные конструкции 4 этаж;Арматура;01.07.2026;60;02.05.2026;;;30;01.06.2026;09.06.2026;8;01.07.2026;11.06.2026;-20,00;25.06.2026;09.06.2026;-16;кг;30 594,00;30 553,40;-40,60;Темерсо АО;191660 от 15.09.2025;поставлено;;
;?;Монолитные конструкции 5 этаж;Арматура;;;;;;;;;;15.07.2026;;-46 218  ;;;0;;;;0,00;;;план;;
;?;Монолитные конструкции 5 этаж;Бетон, Б25;;;;;;;;;;15.07.2026;;;;;;;;;;;;;;
;?;Монолитные конструкции 6 этаж;Арматура;29.07.2026;60;30.05.2026;;;30;29.06.2026;;;;;0  ;;;0;;;;0,00;;;план;;
;?;Монолитные конструкции 6 этаж;Бетон, Б25;;;;;;;;;;;;;;;;;;;;;;;;
;?;Монолитные конструкции 7 этаж;Арматура;12.08.2026;60;13.06.2026;;;30;13.07.2026;;;;;0  ;;;0;;;;0,00;;;план;;
;?;Монолитные конструкции 7 этаж;Бетон, Б25;;;;;;;;;;;;;;;;;;;;;;;;
;?;Монолитные конструкции 8 этаж;Арматура;26.08.2026;60;27.06.2026;;;30;27.07.2026;;;;;0  ;;;0;;;;0,00;;;план;;
;?;Монолитные конструкции 8 этаж;Бетон, Б25;;;;;;;;;;;;;;;;;;;;;;;;
;?;Монолитные конструкции 9 этаж;Арматура;09.09.2026;60;11.07.2026;;;30;10.08.2026;;;;;0  ;;;0;;;;0,00;;;План;;
;?;Монолитные конструкции 9 этаж;Бетон, Б25;;;;;;;;;;;;;;;;;;;;;;;;
;?;Монолитные конструкции Кровля;Арматура;21.09.2026;60;23.07.2026;;;30;22.08.2026;;;;;0  ;;;0;;;;0,00;;;план;;
;?;Монолитные конструкции Кровля;Бетон, Б25;;;;;;;;;;;;;;;;;;;;;;;;
;2.05.04.3.;Прогрев бетона;;;;;;;;;;;;;0  ;;;0;;;;0,00;;;;;
;2.05.04.4.;Отверстия и проемы в каркасе;;;;;;;;;;;;;0  ;;;0;;;;0,00;;;;;
;-;Отверстия и проемы в каркасе;;;;;;;;;;;;;0  ;;;0;;;;0,00;;;план;;
;2.05.04.9.;Прочие расходы на каркас;;;;;;;;;;;;;0  ;;;0;;;;0,00;;;;;
;2.05.05.;Отделка фасада;;;;;;;;;;;;;0  ;;;0;;;;0;;;;;
;2.05.05.1.;Облицовка стен фасада кирпичом;;01.03.2027;;;;;;01.03.2027;;;;;0  ;;;0;;;;0;;;;;
;?;Облицовка фасада кирпичом 3 этаж;Кирпич облицовочный;01.03.2027;180;02.09.2026;;;150;02.10.2026;;;;;0  ;;;0;;;;0,00;;;;;
;?;Облицовка фасада кирпичом 3 этаж;Минеральные плиты;01.03.2027;90;01.12.2026;;;60;31.12.2026;;;;;;;;;;;;;;;;;
;?;Облицовка фасада кирпичом 4 этаж;Кирпич облицовочный;01.03.2027;180;02.09.2026;;;150;02.10.2026;;;;;0  ;;;0;;;;0,00;;;;;
;?;Облицовка фасада кирпичом 4 этаж;Минеральные плиты;01.03.2027;90;01.12.2026;;;60;31.12.2026;;;;;;;;;;;;;;;;;
;?;Облицовка фасада кирпичом 5 этаж;Кирпич облицовочный;01.03.2027;180;02.09.2026;;;150;02.10.2026;;;;;0  ;;;0;;;;0,00;;;;;
;?;Облицовка фасада кирпичом 5 этаж;Минеральные плиты;01.03.2027;90;01.12.2026;;;60;31.12.2026;;;;;;;;;;;;;;;;;
;?;Облицовка фасада кирпичом 6 этаж;Кирпич облицовочный;01.03.2027;180;02.09.2026;;;150;02.10.2026;;;;;0  ;;;0;;;;0,00;;;;;
;?;Облицовка фасада кирпичом 6 этаж;Минеральные плиты;01.03.2027;90;01.12.2026;;;60;31.12.2026;;;;;;;;;;;;;;;;;
;?;Облицовка фасада кирпичом 7 этаж;Кирпич облицовочный;01.03.2027;180;02.09.2026;;;150;02.10.2026;;;;;0  ;;;0;;;;0,00;;;;;
;?;Облицовка фасада кирпичом 7 этаж;Минеральные плиты;01.03.2027;90;01.12.2026;;;60;31.12.2026;;;;;;;;;;;;;;;;;
;?;Облицовка фасада кирпичом 8 этаж;Кирпич облицовочный;01.03.2027;180;02.09.2026;;;150;02.10.2026;;;;;0  ;;;0;;;;0,00;;;;;
;?;Облицовка фасада кирпичом 8 этаж;Минеральные плиты;01.03.2027;90;01.12.2026;;;60;31.12.2026;;;;;;;;;;;;;;;;;
;2.05.05.2.;Устройство вентилируемого фасада;Фасадные панели и подсистема;15.01.2027;180;19.07.2026;;;150;18.08.2026;;;;;0  ;;;0;;;;0,00;;;;;
;?;Устройство вентилируемого фасада;Корзины под кондиционеры;15.01.2027;120;17.09.2026;;;90;17.10.2026;;;;;;;;;;;;;;;;;
;2.05.05.3.;Подсветка фасада;;;;;;;;;;;;;0  ;;;0;;;;0,00;;;;;
;2.05.05.4.;Устройство штукатурного фасада;;;;;;;;;;;;;0  ;;;0;;;;0,00;;;;;
;2.05.05.9.;Прочие расходы на фасад;;;;;;;;;;;;;0  ;;;0;;;;0,00;;;;;
;2.05.06.;Устройство перегородок и вентшахт;;;;;;;;;;;;;-126  ;;;0,00  ;;;;-4 740,10  ;;;;;
;2.05.06.1.;Устройство кирпичных перегородок и вент.шахт;;11.06.2026;180;;;;150;12.01.2026;;;;;-126  ;20.08.2026;18.05.2026;-188;;;;-4 740,10  ;;;;;
;-;Устройство кирпичных перегородок -2 этаж;Кирпич рядовой;11.06.2026;180;13.12.2025;;;150;12.01.2026;18.05.2026;;01.09.2026;30.06.2026;-63  ;20.08.2026;18.05.2026;-94;шт;9 147,00;9 147,00;0,00;ИДК Строй;№ 7 от 19.05.2026 г.;поставлено;;
;-;Устройство кирпичных перегородок -1 этаж;Кирпич рядовой;03.07.2026;180;04.01.2026;;;150;03.02.2026;18.05.2026;;01.09.2026;30.06.2026;-63  ;20.08.2026;18.05.2026;-94;шт;6 306,00;6 282,90;-23,10;ИДК Строй;№ 7 от 19.05.2026 г.;частично поставлен;;
;-;Устройство кирпичных шахт под коммуникации ( -2 этаж, -1 этаж) ;Кирпич рядовой;08.07.2026;180;09.01.2026;;;150;08.02.2026;18.05.2026;;;;;;;;;;;0,00;;;;;
;-;Устройство кирпичных перегородок с 1 по 9 этаж;Кирпич рядовой;01.08.2026;180;02.02.2026;;;150;04.03.2026;;;;;0  ;;;0;шт;33 537,00;28 820,00;-4 717,00;ИДК Строй;№ 7 от 19.05.2026 г.;частично поставлено;;
;?;Устройство кирпичных вентшахт на кровле;Кирпич рядовой;15.09.2026;180;19.03.2026;;;150;18.04.2026;;;;;;;;;шт;16 079,00;3 024,00;-13 055,00;ИДК Строй;№ 7 от 19.05.2026 г.;план;;
;2.05.06.2.;Каркасные перегородки ;;01.05.2027;;;;;;;;;;;0  ;;;0;;;;0,00;;;;;
;?;Каркасные перегородки ;ГКЛ;01.05.2027;60;02.03.2027;;;30;01.04.2027;;;;;;;;;;;;;;;;;
;?;Каркасные перегородки ;ГВЛ;01.05.2027;60;02.03.2027;;;30;01.04.2027;;;;;;;;;;;;;;;;;
;?;Каркасные перегородки ;Профиль;01.05.2027;60;02.03.2027;;;30;01.04.2027;;;;;;;;;;;;;;;;;
;?;Каркасные перегородки ;Минеральные плиты;01.05.2027;90;31.01.2027;;;60;02.03.2027;;;;;;;;;;;;;;;;;
;2.05.06.9.;Прочие расходы на перегородки и шахты;;;;;;;;;;;;;0  ;;;0;;;;0,00;;;;;
;2.05.07.;Устройство кровли;;01.10.2026;;;;;;;;;;;0  ;;;0;;;;0,00;;;;;
;?;Устройство кровли;ПСБ крошка;01.10.2026;60;02.08.2026;;;30;01.09.2026;;;;;;;;;;;;;;;;;
;?;Устройство кровли;Гидроизоляция;01.10.2026;90;03.07.2026;;;60;02.08.2026;;;;;;;;;;;;;;;;;
;2.05.08.;Отделка и оборудование МОП;;;;;;;;;;;;;0  ;;;0;;;;0;;;;;
;2.05.08.1.;Отделка МОП;;;;;;;;;;;;;0  ;;;0;;;;0,00;;;;;
;?;Устройство стяжки -2 этаж;;;;;;;;;;;;;0  ;;;0;;;;0,00;;;;;
;?;Устройство стяжки -1 этаж;;;;;;;;;;;;;0  ;;;0;;;;0,00;;;;;
;?;Устройство стяжки 2 этаж;;;;;;;;;;;;;0  ;;;0;;;;0,00;;;;;
;?;Устройство стяжки 3 этаж;;;;;;;;;;;;;0  ;;;0;;;;0,00;;;;;
;?;Устройство стяжки 4 этаж;;;;;;;;;;;;;0  ;;;0;;;;0,00;;;;;
;?;Устройство стяжки 5 этаж;;;;;;;;;;;;;0  ;;;0;;;;0,00;;;;;
;?;Устройство стяжки 6 этаж;;;;;;;;;;;;;0  ;;;0;;;;0,00;;;;;
;?;Устройство стяжки 7 этаж;;;;;;;;;;;;;0  ;;;0;;;;0,00;;;;;
;?;Устройство стяжки 8 этаж;;;;;;;;;;;;;0  ;;;0;;;;0,00;;;;;
;?;Устройство стяжки 9 этаж;;;;;;;;;;;;;0  ;;;0;;;;0,00;;;;;
;?;Устройство стяжки 1 этаж;;;;;;;;;;;;;0  ;;;0;;;;0,00;;;;;
;?;Черновая отделка  с - 2 по 9 этаж;штукатурный раствор М100;01.05.2027;60;02.03.2027;;;30;01.04.2027;;;;;;;;;;;;;;;;;
;?;Черновая отделка  с - 2 по 9 этаж;сетка 200х200 мм;01.05.2027;60;02.03.2027;;;30;01.04.2027;;;;;;;;;;;;;;;;;
;?;Чистовая отделка с -2 по 9 этаж;Штукатурка;01.06.2027;60;02.04.2027;;;30;02.05.2027;;;;;;;;;;;;;;;;;
;?;Чистовая отделка с -2 по 9 этаж;Шпатлевка;01.06.2027;60;02.04.2027;;;30;02.05.2027;;;;;;;;;;;;;;;;;
;?;Чистовая отделка с -2 по 9 этаж;грунтовка;01.06.2027;60;02.04.2027;;;30;02.05.2027;;;;;;;;;;;;;;;;;
;?;Чистовая отделка с -2 по 9 этаж;Краска МОП цветная финишная;01.06.2027;60;02.04.2027;;;30;02.05.2027;;;;;;;;;;;;;;;;;
;?;Чистовая отделка с -2 по 9 этаж;Клей плиточный;01.06.2027;60;02.04.2027;;;30;02.05.2027;;;;;;;;;;;;;;;;;
;?;Чистовая отделка с -2 по 9 этаж;Навесные потолки (армстронг, грильятто);01.06.2027;120;01.02.2027;;;90;03.03.2027;;;;;0  ;;;0;;;;0,00;;;;;
;?;Чистовая отделка с -2 по 9 этаж;Напольные покрытия;01.06.2027;120;01.02.2027;;;90;03.03.2027;;;;;;;;;;;;;;;;;
;?;Чистовая отделка с -2 по 9 этаж;Керамогранит;01.06.2027;120;01.02.2027;;;90;03.03.2027;;;;;;;;;;;;;;;;;
;?;Чистовая отделка с -2 по 9 этаж;Лючки для скрытого монтажа и металлические лючки;01.06.2027;90;03.03.2027;;;60;02.04.2027;;;;;;;;;;;;;;;;;
;?;Чистовая отделка с -2 по 9 этаж;Лючки вентилляционные, вентиляционные решетки;01.06.2027;90;03.03.2027;;;60;02.04.2027;;;;;;;;;;;;;;;;;
;2.05.08.6.;Устройство интерьерного инвентаря, МАФов МОП;;01.10.2027;;;;;;;;;;;0  ;;;0;;;;0,00;;;;;
;;Устройство интерьерного инвентаря, МАФов МОП;Мебель;01.10.2027;90;03.07.2027;;;60;02.08.2027;;;;;;;;;;;;;;;;;
;;Устройство интерьерного инвентаря, МАФов МОП;Дизайнерские элементы;01.10.2027;120;03.06.2027;;;90;03.07.2027;;;;;;;;;;;;;;;;;
;;Устройство интерьерного инвентаря, МАФов МОП;Почтовые ящики;01.10.2027;120;03.06.2027;;;90;03.07.2027;;;;;;;;;;;;;;;;;
;;Устройство интерьерного инвентаря, МАФов МОП;Дизайнерское освещение;01.10.2027;120;03.06.2027;;;90;03.07.2027;;;;;;;;;;;;;;;;;
;2.05.08.9.;Прочие расходы на отделку МОП;;;;;;;;;;;;;0  ;;;0;;;;0,00;;;;;
;2.05.09.;Отделка продаваемых объектов;;;;;;;;;;;;;0  ;;;0;;;;0;;;;;
;2.05.09.1.;Черновая отделка;;;;;;;;;;;;;0  ;;;0;;;;0,00;;;;;
;?;Устройство стяжки -2 этаж;;;;;;;;;;;;;0  ;;;0;;;;0,00;;;;;
;?;Устройство стяжки -1 этаж;;;;;;;;;;;;;0  ;;;0;;;;0,00;;;;;
;?;Устройство стяжки 2 этаж;;;;;;;;;;;;;0  ;;;0;;;;0,00;;;;;
;?;Устройство стяжки 3 этаж;;;;;;;;;;;;;0  ;;;0;;;;0,00;;;;;
;?;Устройство стяжки 4 этаж;;;;;;;;;;;;;0  ;;;0;;;;0,00;;;;;
;?;Устройство стяжки 5 этаж;;;;;;;;;;;;;0  ;;;0;;;;0,00;;;;;
;?;Устройство стяжки 6 этаж;;;;;;;;;;;;;0  ;;;0;;;;0,00;;;;;
;?;Устройство стяжки 7 этаж;;;;;;;;;;;;;0  ;;;0;;;;0,00;;;;;
;?;Устройство стяжки 8 этаж;;;;;;;;;;;;;0  ;;;0;;;;0,00;;;;;
;?;Устройство стяжки 9 этаж;;;;;;;;;;;;;0  ;;;0;;;;0,00;;;;;
;?;Устройство стяжки 1 этаж;;;;;;;;;;;;;0  ;;;0;;;;0,00;;;;;
;2.05.09.2.;Отделка White box;;;;;;;;;;;;;0  ;;;0;;;;0,00;;;;;
;2.05.09.3.;Отделка чистовая;;;;;;;;;;;;;0  ;;;0;;;;0,00;;;;;
;2.05.09.4.;Отделка паркинга;;;;;;;;;;;;;0  ;;;0;;;;0,00;;;;;
;2.05.09.5.;Мебель,оборудование и инвентарь;;;;;;;;;;;;;0  ;;;0;;;;0,00;;;;;
;2.05.09.9.;Прочие расходы на отделку объектов;;;;;;;;;;;;;0  ;;;0;;;;0,00;;;;;
;2.05.10.;Оборудование, двери и окна;;;;;;;;;;;;;0  ;;;0;;;;0;;;;;
;2.05.10.1.;Монтаж оконных блоков;;11.03.2027;210;;;;150;;;;;;0  ;;;0;;;;0,00;;;;;
;?;Монтаж окон 2 этаж;Окна;11.03.2027;210;13.08.2026;;;150;12.10.2026;;;;;0  ;;;0;;;;0,00;;;;;
;?;Монтаж окон 3 этаж;Окна;22.03.2027;210;24.08.2026;;;150;23.10.2026;;;;;0  ;;;0;;;;0,00;;;;;
;?;Монтаж окон 4 этаж;Окна;01.04.2027;210;03.09.2026;;;150;02.11.2026;;;;;0  ;;;0;;;;0,00;;;;;
;?;Монтаж окон 5 этаж;Окна;11.04.2027;210;13.09.2026;;;150;12.11.2026;;;;;0  ;;;0;;;;0,00;;;;;
;?;Монтаж окон 6 этаж;Окна;21.04.2027;210;23.09.2026;;;150;22.11.2026;;;;;0  ;;;0;;;;0,00;;;;;
;?;Монтаж окон 7 этаж;Окна;01.05.2027;210;03.10.2026;;;150;02.12.2026;;;;;0  ;;;0;;;;0,00;;;;;
;?;Монтаж окон 8 этаж;Окна;11.05.2027;210;13.10.2026;;;150;12.12.2026;;;;;0  ;;;0;;;;0,00;;;;;
;?;Монтаж окон 9 этаж;Окна;05.06.2027;210;07.11.2026;;;150;06.01.2027;;;;;0  ;;;0;;;;0,00;;;;;
;2.05.10.2.;Монтаж витражей;Витражи ;01.03.2027;210;03.08.2026;;;150;02.10.2026;;;;;0  ;;;0;;;;0,00;;;;;
;2.05.10.3.;Установка дверей;;01.06.2027;;;;;;;;;;;0  ;;;0;;;;0,00;;;;;
;?;Установка дверей;Двери технические;01.06.2027;150;02.01.2027;;;120;01.02.2027;;;;;;;;;;;;;;;;;
;?;Установка дверей;Двери квартирные;01.06.2027;150;02.01.2027;;;90;03.03.2027;;;;;;;;;;;;;;;;;
;2.05.10.4.;Монтаж лифтов;Лифты;01.03.2027;180;02.09.2026;;;150;02.10.2026;;;;;0  ;;;0;;;;0,00;;;;;
;2.05.10.5.;Монтаж подъемников для МГН;;;;;;;;;;;;;0  ;;;0;;;;0,00;;;;;
;2.05.10.6.;Монтаж ограждений и конструкций;;;;;;;;;;;;;0  ;;;0;;;;0,00;;;;;
;?;Монтаж ограждений кровли;;;;;;;;;;;;;0  ;;;0;;;;0,00;;;;;
;?;Монтаж ограждений балконов;;;;;;;;;;;;;0  ;;;0;;;;0,00;;;;;
;?;Монтаж лестничных ограждений;;;;;;;;;;;;;0  ;;;0;;;;0,00;;;;;
;2.05.10.9.;Прочее оборудование дома;;;;;;;;;;;;;0  ;;;0;;;;0,00;;;;;
;2.05.11.;Инженерные системы дома;;;;;;;;;;;;;-46  ;;;-15,00  ;;;;0,00  ;;;;;
;2.05.11.1.;Электроснабжение;ВВГ кабель;01.07.2026;60;02.05.2026;;;30;01.06.2026;;;;;0  ;;;0;;;;0,00;;;;;
;;Электроснабжение;NYM кабель;01.07.2026;60;02.05.2026;;;30;01.06.2026;;;;;0  ;;;0;;;;;;;;;
;;Электроснабжение;ВББШв кабель;01.07.2026;60;02.05.2026;;;30;01.06.2026;;;;;0  ;;;0;;;;;;;;;
;;Электроснабжение;КГ кабель;01.07.2026;60;02.05.2026;;;30;01.06.2026;;;;;0  ;;;0;;;;;;;;;
;2.05.11.2.;Вентиляция;;;;;;;;;;;;;-46  ;;;-15;;;;0;;;;;
;?;Вентиляционные шахты;Вентблоки;01.08.2026;120;03.04.2026;;;90;03.05.2026;;;01.08.2026;16.06.2026;-46  ;01.07.2026;16.06.2026;-15;шт;3 094,00;3 094,00;0,00;Сигма АО ;ПС-3003 от 30.03.2026;;;
;-;Вентиляция;Гидрофобизированная мин. плита, НГ, ?=0,042 (Вт/м d С ), плотностью 40-50 кг/м3 50 мм ;01.08.2026;90;03.05.2026;;;60;02.06.2026;;;10.06.2026;10.06.2026;0  ;01.09.2025;01.09.2025;0;м3;11,00;11,00;0,00;Благо;190970 от 01.09.2025 ;поставлено;;
;-;Вентиляция;Гидрофобизированная мин. плита, НГ, ?=0,042 (Вт/м С ), плотностью 100 кг/м3 t=100 мм ;01.08.2026;90;03.05.2026;;;60;02.06.2026;;;10.06.2026;10.06.2026;0  ;01.09.2025;01.09.2025;0;м3;23,00;23,00;0,00;Благо;190970 от 01.09.2025 ;поставлено;;
;2.05.11.3.;Отопление;;05.08.2026;;;;;;;;;;;0  ;;;0;;;;0;;;;;
;?;Монтаж разводящих трубопроводов отопления;;;;;;;;;;;;;0  ;;;0;;;;0,00;;;;;
;?;Монтаж вертикальных трубопроводов системы отопления (1-9 этаж);;;;;;;;;;;;;0  ;;;0;;;;0,00;;;;;
;?;Монтаж отопления (лучевая разводка) 2 этаж;;;;;;;;;;;;;0  ;;;0;;;;0,00;;;;;
;?;Монтаж отопления (лучевая разводка) 3 этаж;;;;;;;;;;;;;0  ;;;0;;;;0,00;;;;;
;?;Монтаж отопления (лучевая разводка) 4 этаж;;;;;;;;;;;;;0  ;;;0;;;;0,00;;;;;
;?;Монтаж отопления (лучевая разводка) 5 этаж;;;;;;;;;;;;;0  ;;;0;;;;0,00;;;;;
;?;Монтаж отопления (лучевая разводка) 6 этаж;;;;;;;;;;;;;0  ;;;0;;;;0,00;;;;;
;?;Монтаж отопления (лучевая разводка) 7 этаж;;;;;;;;;;;;;0  ;;;0;;;;0,00;;;;;
;?;Монтаж отопления (лучевая разводка) 8 этаж;;;;;;;;;;;;;0  ;;;0;;;;0,00;;;;;
;?;Монтаж отопления (лучевая разводка) 9 этаж;;;;;;;;;;;;;0  ;;;0;;;;0,00;;;;;
;?;Монтаж отопления (лучевая разводка)1 этаж;Дизайнерские радиаторы ;01.05.2027;120;01.01.2027;;;90;31.01.2027;;;;;0  ;;;0;;;;0,00;;;;;
;2.05.11.4.;Тепловой пункт;;;;;;;;;;;;;0  ;;;0;;;;0,00;;;;;
;2.05.11.5.;Водоснабжение и канализация;;;;;;;;;;;;;0  ;;;0;;;;0,00;;;;;
;2.05.11.6.;Насосная станция;;;;;;;;;;;;;0  ;;;0;;;;0,00;;;;;
;2.05.11.8.;Автоматическая установка пожаротушения (АУПТ);;;;;;;;;;;;;0  ;;;0;;;;0,00;;;;;
;2.05.11.9.;Прочие инженерные системы;;;;;;;;;;;;;0  ;;;0;;;;0,00;;;;;
;2.05.12.;Слаботочные сети;;;;;;;;;;;;;0  ;;;0;;;;0,00  ;;;;;
;2.05.12.1.;Пожарная сигнализация;;;;;;;;;;;;;0  ;;;0;;;;0,00;;;;;
;2.05.12.2.;Системы связи, радио и ТВ;;;;;;;;;;;;;0  ;;;0;;;;0,00;;;;;
;2.05.12.4.;Система экстренной связи и диспетчеризации лифтов;;;;;;;;;;;;;0  ;;;0;;;;0,00;;;;;
;2.05.12.5.;АСКУЭ;;;;;;;;;;;;;0  ;;;0;;;;0,00;;;;;
;2.05.12.6.;Система охранного телевидения (видеонаблюдение);;;;;;;;;;;;;0  ;;;0;;;;0,00;;;;;
;2.05.12.7.;Домофония и система контроля доступа;;01.07.2026;;;;;;;;;;;0  ;;;0;;;;0,00;;;;;
;?;Домофония и система контроля доступа;Видеонаблюдение;01.07.2026;180;02.01.2026;;;150;01.02.2026;;;;;;;;;;;;;;;;;
;?;Домофония и система контроля доступа;Домофон;01.07.2026;180;02.01.2026;;;150;01.02.2026;;;;;;;;;;;;;;;;;
;2.05.12.9.;Прочие расходы на слаботочные сети;;;;;;;;;;;;;0  ;;;0;;;;0,00;;;;;
;2.05.99.;Прочие расходы зданий;;;;;;;;;;;;;0  ;;;0;;;;0,00;;;;;
;;Встроенно-пристроенная подземная автостоянка;;;;;;;;;;;;;-251  ;;;0,00  ;;;;-69 907,05  ;;;;;
;2.05.;Строительство зданий и сооружений;;;;;;;;;;;;;-251  ;;;4,00  ;;;;-69 907,05  ;;;;;
;2.05.01.;Земляные работы;;;;;;;;;;;;;0  ;;;0;;;;0;;;;;
;2.05.01.1.;Устройство котлована;;;;;;;;;;;;;0  ;;;0;;;;0,00;;;;;
;?;Устройство котлована в осях 1б-12б;;;;;;;;;;;;;0  ;;;0;;;;0,00;;;;;
;?;Устройство котлована в осях 1в-3в;;;;;;;;;;;;;0  ;;;0;;;;0,00;;;;;
;2.05.01.2.;Отсыпка и уплотнение основания фундамента;;;;;;;;;;;;;0  ;;;0;;;;0,00;;;;;
;2.05.01.9.;Прочие земляные работы (срубка свай);;;;;;;;;;;;;0  ;;;0;;;;0,00;;;;;
;2.05.02.;Конструкции железобетонные ниже 0.000;;;;;;;;;;;;;-243  ;;;4,00  ;;;;-69 907,05  ;;;;;
;2.05.02.1.;Устройство свайного основания;;;;;;;;;;;;;0  ;;;0;;;;0,00;;;;;
;2.05.02.2.;Устройство фундамента;;;;;;;;;;;;;7  ;;;;;;;-341,72;;;;;
;2.05.02.2.;Устройство фундамента;Арматура;29.10.2025;60;30.08.2025;;;30;29.09.2025;01.11.2025;33;29.10.2025;05.11.2025;7  ;01.11.2025;01.11.2025;0;кг;54 853,20;54 679,00;-174,20;Темерсо АО;191660 от 15.09.2026;поставлено;;
;-;Устройство фундамента;Бетон Б7,5;;;;;;;;;;30.10.2025;30.10.2025;0  ;01.11.2025;01.11.2025;0;м3;82,37;66,00;-16,37;Нептун ООО;031-25 от 19.09.2025 ;поставлено частично;Замена марки в соотв с погодными услов;
;-;Устройство фундамента;Бетон Б25;;;;;;;;;;25.11.2025;25.11.2025;0  ;;;;м3;279,15;128,00;-151,15;Нептун ООО;031-25 от 19.09.2025 ;поставлено частично;;
;-;Устройство фундамента;Бетон Б25;;;;;;;;;;28.04.2026;28.04.2026;0  ;;;;м3;38,00;38,00;0,00;Нептун ООО;031-25 от 19.09.2025 ;поставлено;;
;-;Устройство фундамента;Бетон Б25;;;;;;;;;;28.05.2026;28.05.2026;0  ;;;;м3;71,00;71,00;0,00;Нептун ООО;031-25 от 19.09.2025 ;поставлено;;
;2.05.02.3.;Устройство цоколя;;;;;;;;;;;;;-250  ;;;4;;;;-69 565  ;;;;;
;-; Устройство цоколя / -2 эт;Арматура ;29.04.2026;60;28.02.2026;;;30;30.03.2026;10.12.2025;-110;01.04.2026;10.12.2025;-112  ;08.12.2025;10.12.2025;2;кг;33 832,00;22 218,00;-11614,00;Темерсо АО;191660 от 15.09.2026;поставлено частично;;
;-; Устройство цоколя / -2 эт;Бетон Б25;;;;;;;;;;08.05.2026;08.05.2026;0  ;;;;м3;180,91;20,00;-160,91;Нептун ООО;031-25 от 19.09.2025 ;поставлено частично;;
;-; Устройство цоколя / -2 эт;Бетон Б25;;;;;;;;;;19.05.2026;19.05.2026;0  ;;;;м3;23,00;23,00;0,00;Нептун ООО;031-25 от 19.09.2025 ;поставлено частично;;
;-; Устройство цоколя / -2 эт;Бетон Б25;;;;;;;;;;04.06.2026;04.06.2026;0  ;;;;м3;27,00;27,00;0,00;Нептун ООО;031-25 от 19.09.2025 ;поставлено частично;;
;-; Устройство цоколя / -2 эт;Бетон Б30;;;;;;;;;;19.06.2026;19.06.2026;0  ;;;;м3;74,00;74,00;0,00;Нептун ООО;031-25 от 19.09.2025 ;поставлено частично;;
;-;Устройство цоколя / - 1 эт;Арматура;20.05.2026;60;21.03.2026;;;30;20.04.2026;26.11.2025;-145;15.04.2026;28.11.2025;-138  ;24.11.2025;26.11.2025;2;кг;76 577,00;19 188,00;-57389,00;Темерсо АО;191660 от 15.09.2026;поставлено частично;;
;-;Устройство цоколя / - 1 эт;Бетон Б25;;;;;;;;;;28.05.2026;28.05.2026;0  ;;;;м3;423,42;22,00;-401,42;Нептун ООО;031-25 от 19.09.2025 ;поставлено частично;;
;-;Устройство цоколя / - 1 эт;Бетон Б30;;;;;;;;;;04.06.2026;04.06.2026;0  ;;;;м3;26,50;26,50;0,00;Нептун ООО;031-25 от 19.09.2025 ;поставлено;;
;-;Устройство цоколя / - 1 эт;Бетон Б25;;;;;;;;;;25.06.2026;25.06.2026;0  ;;;;м3;38,00;38,00;0,00;Нептун ООО;031-25 от 19.09.2025 ;поставлено;;
;?;парапеты в осях 1б-12б отм. - 0.700;;;;;;;;;;;;;0  ;;;0;;;;0,00;;;;;
;?;парапеты в осях 1в-3в отм. - 0.700;Бетон Б25;;;;;;;;;;19.06.2026;19.06.2026;0  ;;;0;м3;4,5;4,5;0,00;Нептун ООО;031-25 от 19.09.2025 ;поставлено;;
;2.05.02.4.;Гидроизоляция и утепление цоколя и фундамента;;;;;;;;;;;;;0  ;;;0;;;;0;;;;;
;?;Гидроизоляция и утепление цоколя и фундамента;Экструдированный пенополистирол ;20.05.2026;90;19.02.2026;;;60;21.03.2026;;;;;0  ;;;0;;;;0,00;;;;;
;?;Гидроизоляция и утепление цоколя и фундамента;Оклеечная гидроизоляция (ЭПП) ;20.05.2026;90;19.02.2026;;;60;21.03.2026;;;;;0  ;;;0;;;;0,00;;;;;
;2.05.02.5.;Обратная засыпка боковых пазух котлована;;;;;;;;;;;;;0  ;;;0;;;;0;;;;;
;?;в осях 1б-12б;;;;;;;;;;;;;0  ;;;0;;;;0,00;;;;;
;?;в осях 1б-12б;;;;;;;;;;;;;0  ;;;0;;;;0,00;;;;;
;2.05.02.9.;Прочие расходы на КЖ ниже 0;;;;;;;;;;;;;0  ;;;0;;;;0,00;;;;;
;2.05.03.;Устройство опалубки;;;;;;;;;;;;;-8  ;;;0,00  ;;;;0,00  ;;;;;
;_;Установка опалубки;Фанера ламинированная 1220*2440*18мм сорт 1/1;29.10.2025;60;30.08.2025;;;30;29.09.2025;;;18.06.2026;05.06.2026;-13  ;;;0;;;;0,00;Лиходиевская ; 595-п/09-2025 от 17.09.2025 ;поставлено;;
;_;Установка опалубки;"
Фанера хвойная 2440х1220 сорт 3/3 18 мм";29.10.2025;60;30.08.2025;;;30;29.09.2025;;;20.06.2026;25.06.2026;5  ;;;0;;;;0,00;АТОМ  ООО ;" 247017
25.06.2026 г. ";поставлено;;
;2.05.04.;Устройство каркаса;;;;;;;;;;;;;0  ;;;0;;;;0,00  ;;;;;
;2.05.04.2.;Монолитные конструкции;;;;;;;;;;;;;0  ;;;0;;;;0,00;;;;;
;2.05.04.3.;Прогрев бетона;;;;;;;;;;;;;0  ;;;0;;;;0,00;;;;;
;2.05.04.4.;Отверстия и проемы в каркасе;;;;;;;;;;;;;0  ;;;0;;;;0,00;;;;;
;2.05.04.9.;Прочие расходы на каркас;;;;;;;;;;;;;0  ;;;0;;;;0,00;;;;;
;2.05.05.;Отделка фасада;;;;;;;;;;;;;0  ;;;0;;;;0,00  ;;;;;
;2.05.05.1.;Облицовка стен фасада кирпичом;;;;;;;;;;;;;0  ;;;0;;;;0,00;;;;;
;2.05.05.2.;Устройство вентилируемого фасада;;;;;;;;;;;;;0  ;;;0;;;;0,00;;;;;
;2.05.05.3.;Подсветка фасада;;;;;;;;;;;;;0  ;;;0;;;;0,00;;;;;
;2.05.05.4.;Устройство штукатурного фасада;;;;;;;;;;;;;0  ;;;0;;;;0,00;;;;;
;2.05.05.9.;Прочие расходы на фасад;;;;;;;;;;;;;0  ;;;0;;;;0,00;;;;;
;2.05.06.;Устройство перегородок и вентшахт;;;;;;;;;;;;;0  ;;;0;;;;0;;;;;
;2.05.06.1.;Устройство кирпичных перегородок и вент.шахт;;;;;;;;;;;;;0  ;;;0;;;;0,00  ;;;;;
;-;Устройство кирпичных перегородок и вент.шахт;Гидрофобизированная мин. плита, НГ, ?=0,042 (Вт/м d С ), плотностью 40-50 кг/м3 50 мм ;;;;;;;;;;10.06.2026;10.06.2026;0  ;01.09.2025;01.09.2025;0;м3;11,00;11,00;0,00;Благо;190970 от 01.09.2025 ;поставлено;;
;-;Устройство кирпичных перегородок и вент.шахт;Гидрофобизированная мин. плита, НГ, ?=0,042 (Вт/м С ), плотностью 100 кг/м3 t=100 мм ;;;;;;;;;;10.06.2026;10.06.2026;0  ;01.09.2025;01.09.2025;0;м3;23,00;23,00;0,00;Благо;190970 от 01.09.2025 ;поставлено;;
;2.05.06.2.;Каркасные перегородки;;;;;;;;;;;;;0  ;;;0;;;;0,00;;;;;
;2.05.06.9.;Прочие расходы на перегородки и шахты;;;;;;;;;;;;;0  ;;;0;;;;0,00;;;;;
;2.05.07.;Устройство кровли;;15.06.2026;;;;;;;;;;;0  ;;;0;;;;0,00;;;;;
;-;Устройство кровли;;15.06.2026;;;;;;;;;;;;;;;;;;;;;;;
;2.05.08.;Отделка и оборудование МОП;;;;;;;;;;;;;0  ;;;0;;;;0;;;;;
;2.05.08.1.;Отделка МОП;;00.01.1900;60;;;;30;###############################################################################################################################################################################################################################################################;;;;;0  ;;;0;;;;0,00;;;;;
;-;Отделка МОП;Штукатурка;;60;;;;30;###############################################################################################################################################################################################################################################################;;;;;;;;;;;;;;;;;
;-;Отделка МОП;Шпатлевка;;60;;;;30;###############################################################################################################################################################################################################################################################;;;;;;;;;;;;;;;;;
;-;Отделка МОП;грунтовка;;60;;;;30;###############################################################################################################################################################################################################################################################;;;;;;;;;;;;;;;;;
;-;Отделка МОП;Краска МОП цветная финишная;;60;;;;30;###############################################################################################################################################################################################################################################################;;;;;;;;;;;;;;;;;
;-;Отделка МОП;Клей плиточный;;120;;;;90;###############################################################################################################################################################################################################################################################;;;;;;;;;;;;;;;;;
;-;Отделка МОП;Навесные потолки (армстронг, грильятто);;120;;;;90;###############################################################################################################################################################################################################################################################;;;;;;;;;;;;;;;;;
;-;Отделка МОП;Напольные покрытия;;120;;;;90;###############################################################################################################################################################################################################################################################;;;;;;;;;;;;;;;;;
;-;Отделка МОП;Керамогранит;;;;;;;;;;;;;;;;;;;;;;;;
;2.05.08.6.;Устройство интерьерного инвентаря, МАФов МОП;;00.01.1900;120;;;;90;###############################################################################################################################################################################################################################################################;;;;;0  ;;;0;;;;0,00;;;;;
;-;Устройство интерьерного инвентаря, МАФов МОП;Навигация;00.01.1900;120;;;;90;###############################################################################################################################################################################################################################################################;;;;;;;;;;;;;;;;;
;2.05.08.9.;Прочие расходы на отделку МОП;;;;;;;;;;;;;0  ;;;0;;;;0,00;;;;;
;2.05.09.;Отделка продаваемых объектов;;;;;;;;;;;;;0  ;;;0;;;;0;;;;;
;2.05.09.1.;Черновая отделка;;;;;;;;;;;;;0  ;;;0;;;;0,00;;;;;
;-;Черновая отделка;сетка 200х200 мм;00.01.1900;60;;;;30;###############################################################################################################################################################################################################################################################;;;;;;;;;;;;;;;;;
;-;Черновая отделка;штукатурный раствор М100;00.01.1900;60;;;;30;###############################################################################################################################################################################################################################################################;;;;;;;;;;;;;;;;;
;2.05.09.2.;Отделка White box;;;;;;;;;;;;;0  ;;;0;;;;0,00;;;;;
;2.05.09.3.;Отделка чистовая;;;;;;;;;;;;;0  ;;;0;;;;0,00;;;;;
;2.05.09.4.;Отделка паркинга;Штукатурка;01.06.2027;60;02.04.2027;;;30;02.05.2027;;;;;0  ;;;0;;;;0,00;;;;;
;-;Отделка паркинга;Шпатлевка;01.06.2027;60;02.04.2027;;;30;02.05.2027;;;;;;;;;;;;;;;;;
;-;Отделка паркинга;грунтовка;01.06.2027;60;02.04.2027;;;30;02.05.2027;;;;;;;;;;;;;;;;;
;-;Отделка паркинга;Краска МОП цветная финишная;01.06.2027;60;02.04.2027;;;30;02.05.2027;;;;;;;;;;;;;;;;;
;2.05.09.5.;Мебель,оборудование и инвентарь;;;;;;;;;;;;;0  ;;;0;;;;0,00;;;;;
;2.05.09.9.;Прочие расходы на отделку объектов;;;;;;;;;;;;;0  ;;;0;;;;0,00;;;;;
;2.05.10.;Оборудование, двери и окна;;;;;;;;;;;;;0  ;;;0;;;;0;;;;;
;2.05.10.1.;Монтаж оконных блоков;;;;;;;;;;;;;0  ;;;0;;;;0,00;;;;;
;2.05.10.2.;Монтаж витражей;;;;;;;;;;;;;0  ;;;0;;;;0,00;;;;;
;2.05.10.3.;Установка дверей;Двери технические;01.09.2027;150;04.04.2027;;;120;04.05.2027;;;;;0  ;;;0;;;;0,00;;;;;
;-;Установка дверей;Двери противопожарные;01.09.2027;150;04.04.2027;;;120;04.05.2027;;;;;;;;;;;;;;;;;
;2.05.10.4.;Монтаж лифтов;;;;;;;;;;;;;0  ;;;0;;;;0,00;;;;;
;2.05.10.5.;Монтаж подъемников для МГН;;;;;;;;;;;;;0  ;;;0;;;;0,00;;;;;
;2.05.10.6.;Монтаж ограждений и конструкций;Ворота секционные;00.01.1900;90;;;;60;-60;;;;;0  ;;;0;;;;0,00;;;;;
;2.05.10.9.;Прочее оборудование дома;;;;;;;;;;;;;0  ;;;0;;;;0,00;;;;;
;2.05.11.;Инженерные системы дома;;;;;;;;;;;;;0  ;;;0;;;;0;;;;;
;2.05.11.1.;Электроснабжение;;;;;;;;;;;;;0  ;;;0;;;;0,00;;;;;
;2.05.11.2.;Вентиляция;;;;;;;;;;;;;0  ;;;0;;;;0,00;;;;;
;2.05.11.3.;Отопление;;;;;;;;;;;;;0  ;;;0;;;;0,00;;;;;
;2.05.11.4.;Тепловой пункт;;;;;;;;;;;;;0  ;;;0;;;;0,00;;;;;
;2.05.11.5.;Водоснабжение и канализация;;;;;;;;;;;;;0  ;;;0;;;;0,00;;;;;
;2.05.11.6.;Насосная станция;;;;;;;;;;;;;0  ;;;0;;;;0,00;;;;;
;2.05.11.8.;Автоматическая установка пожаротушения (АУПТ);;;;;;;;;;;;;0  ;;;0;;;;0,00;;;;;
;2.05.11.9.;Прочие инженерные системы;;;;;;;;;;;;;0  ;;;0;;;;0,00;;;;;
;2.05.12.;Слаботочные сети;;;;;;;;;;;;;0  ;;;0;;;;0;;;;;
;2.05.12.1.;Пожарная сигнализация;;;;;;;;;;;;;0  ;;;0;;;;0,00;;;;;
;2.05.12.2.;Системы связи, радио и ТВ;;;;;;;;;;;;;0  ;;;0;;;;0,00;;;;;
;2.05.12.4.;Система экстренной связи и диспетчеризации лифтов;;;;;;;;;;;;;0  ;;;0;;;;0,00;;;;;
;2.05.12.5.;АСКУЭ;;;;;;;;;;;;;0  ;;;0;;;;0,00;;;;;
;2.05.12.6.;Система охранного телевидения (видеонаблюдение);;;;;;;;;;;;;0  ;;;0;;;;0,00;;;;;
;2.05.12.7.;Домофония и система контроля доступа;;;;;;;;;;;;;0  ;;;0;;;;0,00;;;;;
;2.05.12.9.;Прочие расходы на слаботочные сети;;;;;;;;;;;;;0  ;;;0;;;;0,00;;;;;
;2.05.99.;Прочие расходы зданий;;;;;;;;;;;;;0  ;;;0;;;;0,00;;;;;
;2.06.;Устройство сетей;;;;;;;;;;;;;0  ;;;0;;;;0;;;;;
;2.06.01.;Тепловые сети;;;;;;;;;;;;;0  ;;;0;;;;0,00  ;;;;;
;?;    1й-этап;;;;;;;;;;;;;0  ;;;0;;;;0,00;;;;;
;?;    2-й этап;;;;;;;;;;;;;0  ;;;0;;;;0,00;;;;;
;2.06.02.;Сети водопровода и канализации;;;;;;;;;;;;;0  ;;;0;;;;0,00;;;;;
;2.06.03.;Электрические сети;;;;;;;;;;;;;0  ;;;0;;;;0,00;;;;;
;2.06.04.;Наружное освещение;;;;;;;;;;;;;0  ;;;0;;;;0,00;;;;;
;2.06.05.;Трансформаторная подстанция;;;;;;;;;;;;;0  ;;;0;;;;0,00;;;;;
;2.06.06.;Ливневая канализация;;;;;;;;;;;;;0  ;;;0;;;;0,00;;;;;
;2.06.99.;Прочие расходы на сети (Дренаж);;;;;;;;;;;;;0  ;;;0;;;;0,00;;;;;
;2.07.;Благоустройство;;;;;;;;;;;;;0  ;;;0;;;;0;;;;;
;2.07.01.;Планировка площадки с вертикальной планировкой;;;;;;;;;;;;;0  ;;;0;;;;0,00;;;;;
;2.07.02.;Устройство тротуаров и проездов из асфальта;Плитка тротуарная;01.07.2027;90;02.04.2027;;;60;02.05.2027;;;;;0  ;;;0;;;;0,00;;;;;
;-;Устройство тротуаров и проездов из асфальта;Бордюры;01.07.2027;90;02.04.2027;;;60;02.05.2027;;;;;;;;;;;;;;;;;
;2.07.03.;Устройство покрытий из насыпных материалов (кроме чернозема);Инертные материалы (ПГС, песок и пр.);01.07.2027;30;01.06.2027;;;15;16.06.2027;;;;;0  ;;;0;;;;0,00;;;;;
;2.07.04.;Устройство резинопола и пр. покрытий;;;;;;;;;;;;;0  ;;;0;;;;0,00;;;;;
;2.07.05.;Устройство газона и озеленение;Озеленение;01.07.2027;180;02.01.2027;;;150;01.02.2027;;;;;0  ;;;0;;;;0,00;;;;;
;2.07.06.;Устройство МАФов;МАФ;01.07.2027;180;02.01.2027;;;150;01.02.2027;;;;;0  ;;;0;;;;0,00;;;;;
;2.07.07.;Устройство подпорных стенок;Габионы;15.09.2026;60;17.07.2026;;;30;16.08.2026;;;;;0  ;;;0;;;;0,00;;;;;
;2.07.08.;Освещение;Уличное освещение;01.07.2027;180;02.01.2027;;;150;01.02.2027;;;;;0  ;;;0;;;;0,00;;;;;
;2.07.99.;Прочие расходы на благоустройство;;;;;;;;;;;;;0  ;;;0;;;;0,00;;;;;
;;;;;;;;;;;;;;;;;;;;;;;;;;;
